Topic of discussion,Representative tweet id,Another representative tweet id (if any)
gop,442554321595416578
ticket,442554321595416578
senate,442540327258181632
dems anything,442566256596508672
country,442540327258181632
apptmts lifetime,442540327258181632
judges,442540327258181632
primaries,442553411129442304
rinos,442556239705174016
vote,442566256596508672,442554626043174912
